case,paragraph_id,claim_id,decision,gold_characters,identified_characters,overlapping_characters,missed_gold_characters,extra_predicted_characters,character_recall,character_iou
64753 / claim_1,64753:answer_5,64753:claim_1,used,201,92,91,110,1,0.4527363184079602,0.4504950495049505
64753 / claim_2,64753:answer_5,64753:claim_2,used,179,238,179,0,59,1.0,0.7521008403361344
64753 / claim_3,64753:answer_5,64753:claim_3,used,55,267,55,0,212,1.0,0.20599250936329588
64753 / claim_4,64753:answer_5,64753:claim_4,used,87,133,60,27,73,0.6896551724137931,0.375
64753 / claim_5,64753:answer_5,64753:claim_5,used,170,357,170,0,187,1.0,0.47619047619047616
64877 / claim_1,64877:answer_5,64877:claim_1,used,245,245,245,0,0,1.0,1.0
64877 / claim_2,64877:answer_5,64877:claim_2,used,168,169,168,0,1,1.0,0.9940828402366864
64877 / claim_3,64877:answer_5,64877:claim_3,used,166,167,166,0,1,1.0,0.9940119760479041
64877 / claim_4,64877:answer_5,64877:claim_4,used,147,148,147,0,1,1.0,0.9932432432432432
64877 / claim_5,64877:answer_5,64877:claim_5,used,151,152,151,0,1,1.0,0.993421052631579
64890 / claim_1,64890:answer_5,64890:claim_1,used,241,302,241,0,61,1.0,0.7980132450331126
64890 / claim_2,64890:answer_5,64890:claim_2,used,185,186,185,0,1,1.0,0.9946236559139785
64890 / claim_3,64890:answer_5,64890:claim_3,used,184,194,184,0,10,1.0,0.9484536082474226
64890 / claim_4,64890:answer_5,64890:claim_4,used,194,195,194,0,1,1.0,0.9948717948717949
64890 / claim_5,64890:answer_5,64890:claim_5,used,113,138,113,0,25,1.0,0.8188405797101449
65716 / claim_1,65716:answer_5,65716:claim_1,used,203,205,203,0,2,1.0,0.9902439024390244
65716 / claim_2,65716:answer_5,65716:claim_2,used,172,174,172,0,2,1.0,0.9885057471264368
65716 / claim_3,65716:answer_5,65716:claim_3,used,270,272,270,0,2,1.0,0.9926470588235294
65716 / claim_4,65716:answer_5,65716:claim_4,used,168,170,168,0,2,1.0,0.9882352941176471
65716 / claim_5,65716:answer_5,65716:claim_5,used,168,170,168,0,2,1.0,0.9882352941176471
66222 / claim_1,66222:answer_5,66222:claim_1,used,288,288,288,0,0,1.0,1.0
66222 / claim_2,66222:answer_5,66222:claim_2,used,142,143,142,0,1,1.0,0.993006993006993
66222 / claim_3,66222:answer_5,66222:claim_3,used,164,165,164,0,1,1.0,0.9939393939393939
66222 / claim_4,66222:answer_5,66222:claim_4,used,173,174,173,0,1,1.0,0.9942528735632183
66222 / claim_5,66222:answer_5,66222:claim_5,used,194,204,194,0,10,1.0,0.9509803921568627
67525 / claim_1,67525:answer_5,67525:claim_1,used,165,166,165,0,1,1.0,0.9939759036144579
67525 / claim_2,67525:answer_5,67525:claim_2,used,90,122,90,0,32,1.0,0.7377049180327869
67525 / claim_3,67525:answer_5,67525:claim_3,used,186,187,186,0,1,1.0,0.9946524064171123
67525 / claim_4,67525:answer_5,67525:claim_4,used,122,123,0,122,123,0.0,0.0
67525 / claim_5,67525:answer_5,67525:claim_5,used,241,241,240,1,1,0.995850622406639,0.9917355371900827
68831 / claim_1,68831:answer_5,68831:claim_1,used,338,364,338,0,26,1.0,0.9285714285714286
68831 / claim_2,68831:answer_5,68831:claim_2,used,172,149,149,23,0,0.8662790697674418,0.8662790697674418
68831 / claim_3,68831:answer_5,68831:claim_3,used,196,183,183,13,0,0.9336734693877551,0.9336734693877551
68831 / claim_4,68831:answer_5,68831:claim_4,used,213,178,178,35,0,0.8356807511737089,0.8356807511737089
68831 / claim_5,68831:answer_5,68831:claim_5,used,312,131,130,182,1,0.4166666666666667,0.41533546325878595
68848 / claim_1,68848:answer_5,68848:claim_1,used,162,266,113,49,153,0.6975308641975309,0.35873015873015873
68848 / claim_2,68848:answer_5,68848:claim_2,used,172,173,172,0,1,1.0,0.9942196531791907
68848 / claim_3,68848:answer_5,68848:claim_3,used,147,148,147,0,1,1.0,0.9932432432432432
68848 / claim_4,68848:answer_5,68848:claim_4,used,137,146,137,0,9,1.0,0.9383561643835616
68848 / claim_5,68848:answer_5,68848:claim_5,used,152,214,152,0,62,1.0,0.7102803738317757
68910 / claim_1,68910:answer_5,68910:claim_1,used,245,246,245,0,1,1.0,0.9959349593495935
68910 / claim_2,68910:answer_5,68910:claim_2,used,150,151,150,0,1,1.0,0.9933774834437086
68910 / claim_3,68910:answer_5,68910:claim_3,used,213,214,213,0,1,1.0,0.9953271028037384
68910 / claim_4,68910:answer_5,68910:claim_4,used,172,173,172,0,1,1.0,0.9942196531791907
68910 / claim_5,68910:answer_5,68910:claim_5,used,156,157,156,0,1,1.0,0.9936305732484076
69444 / claim_1,69444:answer_5,69444:claim_1,used,293,292,291,2,1,0.9931740614334471,0.9897959183673469
69444 / claim_2,69444:answer_5,69444:claim_2,used,417,270,269,148,1,0.645083932853717,0.6435406698564593
69444 / claim_3,69444:answer_5,69444:claim_3,used,144,223,144,0,79,1.0,0.6457399103139013
69444 / claim_4,69444:answer_5,69444:claim_4,used,149,169,149,0,20,1.0,0.8816568047337278
69444 / claim_5,69444:answer_5,69444:claim_5,used,207,208,207,0,1,1.0,0.9951923076923077
69627 / claim_1,69627:answer_5,69627:claim_1,abstain,0,0,0,0,0,0.0,0.0
69627 / claim_2,69627:answer_5,69627:claim_2,used,133,134,133,0,1,1.0,0.9925373134328358
69627 / claim_3,69627:answer_5,69627:claim_3,used,72,145,72,0,73,1.0,0.496551724137931
69627 / claim_4,69627:answer_5,69627:claim_4,used,187,188,187,0,1,1.0,0.9946808510638298
69627 / claim_5,69627:answer_5,69627:claim_5,used,155,156,155,0,1,1.0,0.9935897435897436
