Record ID,Title,Subject,Institution,Journal,Publisher,Country,Author,URLS,ArticleType,RetractionDate,RetractionDOI,RetractionPubMedID,OriginalPaperDate,OriginalPaperDOI,OriginalPaperPubMedID,RetractionNature,Reason,Paywalled,Notes
70394,Energy optimization in smart urban buildings using bio-inspired ant colony optimization,(B/T) Computer Science;(PHY) Energy;(PHY) Engineering - Electrical;,"Department of Information and Computer Science, King Fahd University of Petroleum and Minerals, Dhahran, Saudi Arabia; Interdisciplinary Research Centre for Intelligent Secure Systems, King Fahd University of Petroleum and Minerals, Dhahran, Saudi Arabia; Institute of Management Sciences, 4500, Peshawar, Pakistan;",Soft Computing,Springer - Nature Publishing Group,Pakistan;Saudi Arabia,Fakhri Alam Khan;Kifayat Ullah;Atta ur Rahman;Sajid Anwar,,Research Article;,2026-01-21,10.1007/s00500-026-11202-4,0.0,2022-10-15,10.1007/s00500-022-07537-3,0.0,Retraction,Compromised Peer Review;Concerns/Issues about Referencing/Attributions;Investigation by Journal/Publisher;Rogue Editor;Unreliable Results and/or Conclusions;,No,
70315,Fusion of multi-modality biomedical images using deep neural networks,(B/T) Computer Science;(HSC) Radiology/Imaging;,"Department of Computer Science & Engineering, Moradabad Institute of Technology, Moradabad, 244001, India; Department of Computer Science & Engineering, Maharaja Surajmal Institute of Technology, Janakpuri, New Delhi, 110058, India; Computer Sciences Department, College of CIT, Taif University, P.O. Box 11099, Taif, 21944, Saudi Arabia;",Soft Computing,Springer - Nature Publishing Group,India;Saudi Arabia,Manish Gupta;Naresh Kumar;Neha Gupta;Atef Zaguia,,Research Article;,2026-02-02,10.1007/s00500-026-11228-8,0.0,2022-04-08,10.1007/s00500-022-07047-2,0.0,Retraction,Compromised Peer Review;Concerns/Issues about Referencing/Attributions;Investigation by Journal/Publisher;Objections by Author(s);Rogue Editor;Unreliable Results and/or Conclusions;,No,
69707,Unreferenced English articles’ translation quality-oriented automatic evaluation technology using sparse autoencoder under the background of deep learning,(B/T) Computer Science;(SOC) Linguistics;,"School of Foreign Languages, Fuzhou University of International Studies and Trade, Fuzhou City, China; Graduate School, Angeles University Foundation, Angeles City, Philippines; Rockchip Electronics Co., Ltd., Fuzhou City, China;",PLoS One,PLoS,China;Philippines,Hanhui Li;Jie Deng,,Research Article;,2025-04-23,10.1371/journal.pone.0322063,40267925.0,2022-07-13,10.1371/journal.pone.0270308,35830434.0,Retraction,Concerns/Issues about Article;Concerns/Issues about Peer Review;Investigation by Journal/Publisher;Objections by Author(s);Unreliable Results and/or Conclusions;,No,See also: https://pubpeer.com/publications/460C6D357A70BD9486BD1395B0C953
69704,Fine-granularity inference and estimations to network traffic for SDN,(B/T) Computer Science;,"School of Astronautics and Aeronautic, University of Electronic Science and Technology of China, Chengdu, China; School of Computer Science and Engineering, Northeastern University, Shenyang, China;",PLoS One,PLoS,China,Dingde Jiang;Liuwei Huo;Ya Li,,Research Article;,2025-04-23,10.1371/journal.pone.0322071,40267929.0,2018-05-02,10.1371/journal.pone.0194302,29718913.0,Retraction,Concerns/Issues about Article;Concerns/Issues about Peer Review;Unreliable Results and/or Conclusions;,No,See also: https://pubpeer.com/publications/E28D270EF4E881FE7F68047F063C52
69701,Design and interactive performance of human resource management system based on artificial intelligence,(B/T) Business - Management;(B/T) Computer Science;(B/T) Technology;,"Business School, Hohai University, Nanjing, China; Jiangsu Branch of China Mobile Group, Nanjing, China; School of Data Science and Software Engineering, Qingdao University, Qingdao, China;",PLoS One,PLoS,China,Yangda Gong;Min Zhao;Qin Wang;Zhihan Lv,,Research Article;,2025-04-23,10.1371/journal.pone.0322049,40267945.0,2022-01-28,10.1371/journal.pone.0262398,35089946.0,Retraction,Compromised Peer Review;Concerns/Issues about Article;Concerns/Issues about Peer Review;Investigation by Journal/Publisher;Investigation by Third Party;Objections by Author(s);Unreliable Results and/or Conclusions;,No,See also: https://pubpeer.com/publications/05E4876C53E68A013297E858581683
69700,Craniofacial similarity analysis through sparse principal component analysis,(B/T) Computer Science;(PHY) Forensic Sciences;,"School of Data Science and Software Engineering, Qingdao University, Qingdao, China; College of Automation and Electrical Engineering, Qingdao University, Qingdao, China; Engineering Research Center of Virtual Reality and Applications, Ministry of Education, Beijing, China; College of Information Science and Technology, Beijing Normal University, Beijing, China; College of Computer Science & Technology, Qingdao University, Qingdao, China;",PLoS One,PLoS,China,Junli Zhao;Fuqing Duan;Zhenkuan Pan;Zhongke Wu;Jinhua Li;Qingqiong Deng;Xiaona Li;Mingquan Zhou,,Research Article;,2025-04-23,10.1371/journal.pone.0322066,40267936.0,2017-06-22,10.1371/journal.pone.0179671,28640836.0,Retraction,Compromised Peer Review;Concerns/Issues about Article;Concerns/Issues about Peer Review;Investigation by Journal/Publisher;Unreliable Results and/or Conclusions;,No,See also: https://pubpeer.com/publications/F5051A4D9AA3D9864098869B14B57F
69630,A novel image encryption scheme based on quantum dynamical spinning and rotations,(B/T) Computer Science;(PHY) Statistics;,"Department of Applied Mathematics and Statistics, Institute of Space Technology, Islamabad, Pakistan; Department of Electrical Engineering, Institute of Space Technology, Islamabad, Pakistan;",PLoS One,PLoS,Pakistan,Majid Khan;Hafiz Muhammad Waseem,,Research Article;,2025-12-17,10.1371/journal.pone.0338963,41406081.0,2018-11-19,10.1371/journal.pone.0206460,30452455.0,Retraction,Cites Retracted Work;Compromised Peer Review;Computer-Aided Content or Computer-Generated Content;Concerns/Issues about Article;Concerns/Issues about Peer Review;Concerns/Issues about Referencing/Attributions;Investigation by Journal/Publisher;Objections by Author(s);,No,
69445,A deep facial recognition system using computational intelligent algorithms,(B/T) Computer Science;(B/T) Technology;,"Department of Information Systems, Faculty of Computers and Artificial Intelligence, Benha University, Benha City, Egypt; Department of Computer Science, Faculty of Computers and Informatics, Misr International University, Cairo, Egypt; Department of Computer Science, Faculty of Computers and Artificial Intelligence, Benha University, Benha City, Egypt; Department of Scientific Computing, Faculty of Computers and Artificial Intelligence, Benha University, Benha City, Egypt; Department of Computer Science, Higher Technological Institute, 10th of Ramadan City, Egypt;",PLoS One,PLoS,Egypt,Diaa Salama AbdELminaam;Abdulrhman M Almansori;Mohamed Taha;Elsayed Badr,,Research Article;,2026-02-12,10.1371/journal.pone.0342725,41678437.0,2020-12-03,10.1371/journal.pone.0242269,33270670.0,Retraction,Author Unresponsive;Computer-Aided Content or Computer-Generated Content;Concerns/Issues about Data;Concerns/Issues about Referencing/Attributions;Duplication of Text;Error in Text;Euphemisms for Plagiarism;Plagiarism of/in Article;,No,See also: https://pubpeer.com/publications/EBEF3F0CB938B45F37F855DA8CBF37
69341,A REVIEW ON NATURAL LANGUAGE PROCESSING Report: Statistics and Facts,(B/T) Computer Science;(B/T) Data Science;(SOC) Linguistics;,"Department of Electronics and communication Engineering Sona college of Technology, Salem – 636005;",IOP Conference Series: Materials Science and Engineering,IOP Publishing,India,PM Dinesh;J Hariraj Kumar;S Chandra Sekar;M Swarnambiga;S Ranjani,,Review Article;,2026-01-16,10.1088/1757-899X/1084/1/012136,0.0,2020-12-11,10.1088/1757-899X/1084/1/012037,0.0,Retraction,Computer-Aided Content or Computer-Generated Content;Concerns/Issues about Article;Concerns/Issues about Referencing/Attributions;Euphemisms for Plagiarism;Investigation by Journal/Publisher;Investigation by Third Party;Objections by Author(s);Plagiarism of Text;,No,See also: https://pubpeer.com/publications/FD1118EA836C25C74C89A7F76E23C8
67164,An efficient post-processing adaptive filtering technique to rectifying the flickering effects,(B/T) Computer Science;(B/T) Technology;,"Department of Electronics and Communication Engineering, IKG-Punjab Technical University Jalandhar, Punjab, India; Department of Electronics and Communication Engineering, DAVIET Jalandhar, Punjab, India; Department of Computer Science and Engineering, Chandigarh University, Mohali, Punjab, India; School of Computer Science and Engineering, SCE Taylor’s University, Subang Jaya, Malaysia; Graduate School, Duy Tan University, Da Nang, Viet Nam, Faculty of Information Technology, Duy Tan University, Da Nang, Viet Nam; Department of Mathematics, Faculty of Science, Mansoura University, Mansoura, Egypt; Department of Electrical and Computer Engineering, Michigan State University, East Lansing, Michigan, United States of America; Department of Computer Science and Engineering, Soonchunhyang University, Asan, Korea;",PLoS One,PLoS,Egypt;India;Malaysia;South Korea;United States;Vietnam,Anudeep Gandam;Jagroop Singh Sidhu;Sahil Verma;N Z Jhanjhi;Anand Nayya;Mohamed Abouhawwash;Yunyoung Nam,,Research Article;,2025-05-01,10.1371/journal.pone.0323914,40310859.0,2021-05-10,10.1371/journal.pone.0250959,33970949.0,Retraction,Computer-Aided Content or Computer-Generated Content;Concerns/Issues about Article;Duplication of/in Article;Euphemisms for Duplication;Investigation by Third Party;Objections by Author(s);Removed;Unreliable Results and/or Conclusions;Upgrade/Update of Prior Notice(s);,No,see also: https://pubpeer.com/publications/5D3AC5EE8F77D1FECAC29D4B8E9A22
66918,"Éclaircissement to Understand Consumers’ Decision-Making Psyche and Gender Effects, a Fuzzy Set Qualitative Comparative Analysis",(B/T) Business - Marketing;(B/T) Computer Science;(SOC) Psychology;,"College of Economics and Management, Beijing University of Technology, Beijing, China; South Asian Research Centre, School of Public Administration, Xiangtan University, Xiangtan, China; Department of Computer Science, College of Computers and Information Technology, Taif University, Taif, Saudi Arabia; Department of Industrial and Systems Engineering, College of Engineering, University of Jeddah, Jeddah, Saudi Arabia; Department of Mechanical and Materials Engineering, College of Engineering, University of Jeddah, Jeddah, Saudi Arabia; Department of Business Administration, National College of Business Administration and Economics, Lahore, Pakistan;",Frontiers in Psychology,Frontiers,China;Pakistan;Saudi Arabia,Sohaib Mustafa;Muhammad Tayyab Sohail;Roobaea Alroobaea;Saeed Rubaiee;A Anas;Asem Majed Othman;Muhammad Nawaz,https://retractionwatch.com/2025/07/29/frontiers-retract-122-articles-links-thousands-other-publishers-journals-to-unethical-network/,Research Article;,2025-08-07,10.3389/fpsyg.2025.1675271,40851599.0,2022-06-02,10.3389/fpsyg.2022.920594,35719580.0,Retraction,Concerns/Issues about Referencing/Attributions;Concerns/Issues about Peer Review;Conflict of Interest;Investigation by Journal/Publisher;Unreliable Results and/or Conclusions;,No,
66598,"Testing Environmental Kuznets Curve in the USA: What Role Institutional Quality, Globalization, Energy Consumption, Financial Development, and Remittances can Play? New Evidence From Dynamic ARDL Simulations Approach",(B/T) Business - Economics;(B/T) Computer Science;(ENV) Environmental Sciences;(PHY) Energy;,"School of Economics and Management, Northeast Normal University, Changchun, China; Management Studies Department, Bahria Business School, Bahria University, Islamabad, Pakistan; Amity School of Economics, Amity University Uttar Pradesh, Noida, India; Technology Management, Economics, and Policy Program, College of Engineering, Seoul National University, Seoul, South Korea; Ghulam Ishaq Khan Institute of Engineering Sciences and Technology (GIKI), Swabi, Pakistan; Department of Economics, Birmingham Business School, College of Social Sciences, University of Birmingham, Birmingham, United Kingdom; Department of Commerce, Agasti Arts, Commerce and Dadasaheb Rupwate Science College, Savitribai Phule Pune University, Pune, India;",Frontiers in Environmental Science,Frontiers,China;India;Pakistan;South Korea;United Kingdom,Muhammad Imran Khan;Muhammad Kamran Khan;Vishal Dagar;Bahareh Oryani;Syeda Saba Akbar;Sultan Salem;Sayyad Mahejabin Dildar,https://retractionwatch.com/2025/07/29/frontiers-retract-122-articles-links-thousands-other-publishers-journals-to-unethical-network/,Research Article;,2025-08-07,10.3389/fenvs.2025.1674690,0.0,2021-12-13,10.3389/fenvs.2021.789715,0.0,Retraction,Concerns/Issues about Referencing/Attributions;Concerns/Issues about Peer Review;Conflict of Interest;Investigation by Journal/Publisher;Unreliable Results and/or Conclusions;,No,
65974,Structure optimization and preparation of power system grounding grid based on similarity data analysis algorithm,(B/T) Computer Science;(B/T) Technology;(PHY) Energy;(PHY) Engineering - General;,"School of Electrical and Electronic Engineering, Shandong University of Technology, Zibo, China; Construction Branch of State Grid Jiangsu Electric Power Co, LTD, Nanjing, China; Samsung Electronics, 129, Samseong-ro Yeongtong-gu Suwon-si, Gyeonggi-do 16677, Suwon-Si, South Korea; Electric Power Research Institute, China Southern Power Grid, Guangzhou, China;",The International Journal of Advanced Manufacturing Technology,Springer - Nature Publishing Group,China;South Korea,Yuanchao Hu;Tao Huang;Seunggil Jeon;Changqing Du;Yunzhu An;Shangmao Hu,,Research Article;,2024-05-10,10.1007/s00170-022-09665-4,0.0,2022-07-15,10.1007/s00170-022-09665-4,0.0,Retraction,Concerns/Issues about Referencing/Attributions;Concerns/Issues about Peer Review;Compromised Peer Review;Investigation by Journal/Publisher;Rogue Editor;Unreliable Results and/or Conclusions;,No,
65205,A new design for 4-bit RCA using quantum cellular automata technology,(B/T) Computer Science;(B/T) Technology;,"Department of Computer Engineering, Tabriz Branch, Islamic Azad University, Tabriz, Iran; Young Researchers and Elite Club, Urmia Branch, Islamic Azad University, Urmia, Iran;",Optical and Quantum Electronics,Springer - Nature Publishing Group,Iran,Saeid Seyedi;Behrouz Pourghebleh,,Research Article;,2024-11-11,10.1007/s11082-024-07822-5,0.0,2022-11-13,10.1007/s11082-022-04214-5,0.0,Retraction,Computer-Aided Content or Computer-Generated Content;Concerns/Issues about Article;Concerns/Issues about Referencing/Attributions;Concerns/Issues about Peer Review;Investigation by Journal/Publisher;Objections by Author(s);Unreliable Results and/or Conclusions;,No,
64908,The mechanism of digitized landscape architecture design under edge computing,(B/T) Computer Science;(B/T) Technology;(BLS) Agriculture;(HUM) Architecture;,"School of Landscape Architecture, Nanjing Forestry University, Nanjing, Jiangsu, China;",PLoS One,PLoS,China,Haoqi Wu;Jun Yan,,Research Article;,2024-05-01,10.1371/journal.pone.0303114,38691563.0,2021-09-23,10.1371/journal.pone.0252087,34555046.0,Retraction,Concerns/Issues about Peer Review;Duplication of/in Article;Euphemisms for Duplication;Compromised Peer Review;Investigation by Journal/Publisher;Objections by Author(s);Unreliable Results and/or Conclusions;,No,
64894,Machine learning-based e-commerce platform repurchase customer prediction model,(B/T) Business - Economics;(B/T) Computer Science;(B/T) Technology;,"Department of Intelligent Commerce, National Kaohsiung University of Science and Technology, Kaohsiung City, Taiwan, China; Department of Leisure and Sport Management, College of Life and Creativity, Cheng Shiu University, Kaohsiung City, Taiwan, China; Yango University, Fuzhou, China; Department of International Business, National Kaohsiung University of Science and Technology, Kaohsiung City, Taiwan, China;",PLoS One,PLoS,China,Cheng Ju Liu;Tien Shou Huang;Ping Tsan Ho;Jui Chan Huang;Ching Tang Hsieh,,Research Article;,2024-12-05,10.1371/journal.pone.0315518,39637076.0,2020-12-03,10.1371/journal.pone.0243105,33270714.0,Correction,Concerns/Issues about Authorship/Affiliation;Error in Text;,No,
64874,Single image super-resolution via Image Quality Assessment-Guided Deep Learning Network,(B/T) Computer Science;(B/T) Technology;,"Electronic Information School, Wuhan University, Wuhan, China; State Key Laboratory of Information Engineering in Surveying, Mapping, and Remote Sensing, Wuhan University, Wuhan, China; Computer and Science School, Wuhan University, Wuhan, China; State Key Laboratory of Bridge Structure Health and Safety, Wuhan, China;",PLoS One,PLoS,China,Zhengqiang Xiong;Manhui Lin;Zhen Lin;Tao Sun;Guangyi Yang;Zhengxing Wang,,Research Article;,2025-04-09,10.1371/journal.pone.0321386,40202936.0,2020-10-29,10.1371/journal.pone.0241313,33119656.0,Retraction,Concerns/Issues about Peer Review;Compromised Peer Review;Investigation by Journal/Publisher;Unreliable Results and/or Conclusions;,No,
64873,International trade and finance exploration using network model of computer trade platform,(B/T) Business - Economics;(B/T) Computer Science;(B/T) Data Science;,"School of Management, XI’AN University of Finance and Economics, Xi’an, Shaanxi, China; School of Business, XI’AN University of Finance and Economics, Xi’an, Shaanxi, China;",PLoS One,PLoS,China,Yi Zhang;Yi Yuan,,Research Article;,2025-03-05,10.1371/journal.pone.0319662,40043040.0,2021-12-03,10.1371/journal.pone.0260883,34860849.0,Retraction,Concerns/Issues about Peer Review;Compromised Peer Review;Investigation by Journal/Publisher;Unreliable Results and/or Conclusions;,No,
64836,Research on multi-objective optimal scheduling considering the balance of labor workload distribution,(B/T) Business - General;(B/T) Computer Science;(PHY) Engineering - General;,"School of Computer and Communication Engineering, Northeastern University, Qinhuangdao, Hebei, People’s Republic of China;",PLoS One,PLoS,China,Zhengyu Hu;Wenrui Liu;Shengchen Ling;Kuan Fan,,Research Article;,2025-03-05,10.1371/journal.pone.0319636,40043047.0,2021-08-05,10.1371/journal.pone.0255737,34352014.0,Retraction,Concerns/Issues about Peer Review;Compromised Peer Review;Investigation by Journal/Publisher;Unreliable Results and/or Conclusions;,No,
64833,Design and development of human resource management computer system for enterprise employees,(B/T) Business - Management;(B/T) Computer Science;(B/T) Technology;,"School of Logistics, Linyi University, Linyi, Shandong, China; Economic Management College, Pingdingshan University, Pingdingshan, Henan, China; School of Marxism, Linyi University, Linyi, Shandong, China;",PLoS One,PLoS,China,Tianqi Wang;Ning Li;Houran Li,,Research Article;,2025-03-18,10.1371/journal.pone.0320445,40100770.0,2021-12-17,10.1371/journal.pone.0261594,34919569.0,Retraction,Concerns/Issues about Peer Review;Compromised Peer Review;Investigation by Journal/Publisher;Unreliable Results and/or Conclusions;,No,
64804,The use of deep learning algorithm and digital media art in all-media intelligent electronic music system,(B/T) Computer Science;(B/T) Technology;(HUM) Arts - Music;,"School of Drama and Film, Jilin University of Arts, Changchun, China;",PLoS One,PLoS,China,Yingming Zheng,,Research Article;,2025-04-09,10.1371/journal.pone.0321391,40202926.0,2020-10-19,10.1371/journal.pone.0240492,33075083.0,Retraction,Concerns/Issues about Peer Review;Compromised Peer Review;Investigation by Journal/Publisher;Unreliable Results and/or Conclusions;,No,
64803,SE-stacking: Improving user purchase behavior prediction by information fusion and ensemble learning,(B/T) Business - General;(B/T) Computer Science;(B/T) Data Science;(B/T) Technology;,"Shenzhen International Graduate School, Tsinghua University, Shenzhen, Guangdong, China; School of Management, Capital Normal University, Beijing, China; China Academy of Industrial Internet, Beijing, China; School of Architecture and Fine Art, Dalian University of Technology, Dalian, China;",PLoS One,PLoS,China,Jing Xu;Jie Wang;Ye Tian;Jiangpeng Yan;Xiu Li;Xin Gao,,Research Article;,2025-03-18,10.1371/journal.pone.0320331,40100774.0,2020-11-25,10.1371/journal.pone.0242629,33237926.0,Retraction,Concerns/Issues about Peer Review;Compromised Peer Review;Investigation by Journal/Publisher;Unreliable Results and/or Conclusions;,No,
64801,TrustBlock: An adaptive trust evaluation of SDN network nodes based on double-layer blockchain,(B/T) Business - General;(B/T) Computer Science;(B/T) Data Science;(B/T) Technology;,"Key Laboratory of Aerospace Information Security and Trusted Computing, Ministry of Education, School of Cyber Science and Engineering, Wuhan University, Wuhan, China;",PLoS One,PLoS,China,Bo Zhao;Yifan Liu;Xiang Li;Jiayue Li;Jianwen Zou,,Research Article;,2025-04-09,10.1371/journal.pone.0321609,40202937.0,2020-03-10,10.1371/journal.pone.0228844,32155156.0,Retraction,Concerns/Issues about Peer Review;Compromised Peer Review;Investigation by Journal/Publisher;Unreliable Results and/or Conclusions;,No,
64794,Multi-sensor information fusion detection system for fire robot through back propagation neural network,(B/T) Computer Science;(B/T) Technology;(PHY) Engineering - Electrical;,"School of Electronic and Electrical Engineering, University of Leeds, Leeds, United Kingdom; JunJie Zhang 1 , ZiYang Ye 1 , KaiFeng Li 1",PLoS One,PLoS,United Kingdom,JunJie Zhang;ZiYang Ye;KaiFeng Li,,Research Article;,2025-03-05,10.1371/journal.pone.0319597,40043007.0,2020-07-24,10.1371/journal.pone.0236482,32706794.0,Retraction,Concerns/Issues about Peer Review;Compromised Peer Review;Investigation by Journal/Publisher;Unreliable Results and/or Conclusions;,No,
64789,Risk factor analysis combined with deep learning in the risk assessment of overseas investment of enterprises,(B/T) Business - Accounting;(B/T) Computer Science;(B/T) Technology;,"Accounting Institute, Xijing University, Xi’an, Shannxi, China;",PLoS One,PLoS,China,Xiuyan Xu,,Research Article;,2025-04-09,10.1371/journal.pone.0321411,40202928.0,2020-10-02,10.1371/journal.pone.0239635,33006998.0,Retraction,Concerns/Issues about Peer Review;Compromised Peer Review;Investigation by Journal/Publisher;Unreliable Results and/or Conclusions;,No,
64758,The use of surrounding rock loosening circle theory combined with elastic-plastic mechanics calculation method and depth learning in roadway support,(B/T) Computer Science;(B/T) Transportation;(PHY) Engineering - General;(PHY) Geology;,"School of coal engineering, Shanxi Datong University, Datong, Shanxi, China;",PLoS One,PLoS,China,Qingyun Xu;Yongming Li;Jie Lu;Lei Zhang,,Research Article;,2024-03-20,10.1371/journal.pone.0301148,38507400.0,2020-07-15,10.1371/journal.pone.0234071,32667926.0,Retraction,Concerns/Issues about Results and/or Conclusions;Concerns/Issues about Peer Review;Duplication of/in Article;Euphemisms for Duplication;Compromised Peer Review;Investigation by Journal/Publisher;Unreliable Results and/or Conclusions;,No,
64757,The use of machine translation algorithm based on residual and LSTM neural network in translation teaching,(B/T) Computer Science;(B/T) Data Science;(SOC) Education;(SOC) Linguistics;,"College of Translation Studies, Xi’an Fanyi University, Xi’an, China;",PLoS One,PLoS,China,Beibei Ren,,Research Article;,2025-04-09,10.1371/journal.pone.0321329,40202935.0,2020-11-19,10.1371/journal.pone.0240663,33211704.0,Retraction,Concerns/Issues about Peer Review;Compromised Peer Review;Investigation by Journal/Publisher;Objections by Author(s);Unreliable Results and/or Conclusions;,No,
64530,Screening and functional prediction of differentially expressed genes in walnut endocarp during hardening period based on deep neural network under agricultural internet of things,(B/T) Computer Science;(BLS) Agriculture;(BLS) Plant Biology/Botany;(ENV) Environmental Sciences;,"College of Life Science, Tarim University, Alar, Xinjiang, China; Key Laboratory of Biological Resource Protection and Utilization of Tarim Basin Xinjiang Production and Construction Group, Alar, Xinjiang, China; The National and Local Joint Engineering Laboratory of High Efficiency and Superior-Quality Cultivation and Fruit Deep Processing Technology of Characteristic Fruit Trees in South Xinjiang, Alar, Xinjiang, China; College of Horticulture and Forestry Sciences, Tarim University, Alar, Xinjiang, China; Research Institute of Horticultural Crops, Xinjiang Academy of Agricultural Sciences, Urumqi, China;",PLoS One,PLoS,China,Zhongzhong Guo;Shangqi Yu;Jiazhi Fu;Kai Ma;Rui Zhang,,Research Article;,2024-09-23,10.1371/journal.pone.0311126,39312566.0,2022-02-24,10.1371/journal.pone.0263755,35202404.0,Retraction,Author Unresponsive;Concerns/Issues about Article;Concerns/Issues about Peer Review;Duplication of/in Article;Euphemisms for Duplication;Compromised Peer Review;Investigation by Journal/Publisher;Unreliable Results and/or Conclusions;,No,
64499,Implementation of organization and end-user computing-anti-money laundering monitoring and analysis system security control,(B/T) Business - Accounting;(B/T) Computer Science;(B/T) Data Science;(B/T) Technology;,"School of Economics and Management, Nanjing Institute of Industry Technology, Nanjing, Jiangsu, China;",PLoS One,PLoS,China,Ling Sun,,Research Article;,2025-03-18,10.1371/journal.pone.0320467,40100790.0,2021-12-09,10.1371/journal.pone.0258627,34882687.0,Retraction,Author Unresponsive;Concerns/Issues about Article;Concerns/Issues about Peer Review;Compromised Peer Review;Investigation by Journal/Publisher;Unreliable Results and/or Conclusions;,No,
64493,Influence of the combination of big data technology on the Spark platform with deep learning on elevator safety monitoring efficiency,(B/T) Computer Science;(B/T) Data Science;(B/T) Technology;,"Institute of Information Science and Technology, Fudan University, Shanghai, China;",PLoS One,PLoS,China,Jie Yu;Bo Hu,,Research Article;,2024-11-14,10.1371/journal.pone.0313640,39541288.0,2020-06-17,10.1371/journal.pone.0234824,32555687.0,Retraction,Author Unresponsive;Concerns/Issues about Article;Concerns/Issues about Peer Review;Duplication of/in Article;Euphemisms for Duplication;Compromised Peer Review;Investigation by Journal/Publisher;Objections by Author(s);Unreliable Results and/or Conclusions;,No,
64367,Applying Internet information technology combined with deep learning to tourism collaborative recommendation system,(B/T) Computer Science;(B/T) Technology;,"School of Economics and Trade, Henan University of Engineering, Henan, Zhengzhou, China;",PLoS One,PLoS,China,Meng Wang,,Research Article;,2025-04-09,10.1371/journal.pone.0321330,40202931.0,2020-12-03,10.1371/journal.pone.0240656,33271589.0,Retraction,Author Unresponsive;Concerns/Issues about Article;Concerns/Issues about Peer Review;Compromised Peer Review;Investigation by Journal/Publisher;Unreliable Results and/or Conclusions;,No,
64337,Application of deep neural network and deep reinforcement learning in wireless communication,(B/T) Computer Science;(B/T) Technology;,"National Intellectual Property Administration, Beijing City, China;",PLoS One,PLoS,China,Ming Li;Hui Li,,Research Article;,2024-11-07,10.1371/journal.pone.0313643,39509391.0,2020-07-02,10.1371/journal.pone.0235447,32614858.0,Retraction,Author Unresponsive;Concerns/Issues about Peer Review;Duplication of/in Article;Euphemisms for Duplication;Compromised Peer Review;Investigation by Journal/Publisher;Unreliable Results and/or Conclusions;,No,
64335,Analysis of the role and robustness of artificial intelligence in commodity image recognition under deep learning neural network,(B/T) Business - General;(B/T) Computer Science;(B/T) Technology;,"School of Communications and Information Engineering, Xi’an University of Posts and Telecommunications, Xi’an, China;",PLoS One,PLoS,China,Rui Chen;Meiling Wang;Yi Lai,,Research Article;,2024-09-26,10.1371/journal.pone.0311323,39325725.0,2020-07-07,10.1371/journal.pone.0235783,32634167.0,Retraction,Author Unresponsive;Concerns/Issues about Article;Concerns/Issues about Results and/or Conclusions;Concerns/Issues about Peer Review;Duplication of/in Article;Euphemisms for Duplication;Compromised Peer Review;Investigation by Journal/Publisher;Objections by Author(s);Unreliable Results and/or Conclusions;,No,
64334,Analysis of the pattern recognition algorithm of broadband satellite modulation signal under deformable convolutional neural networks,(B/T) Computer Science;(B/T) Technology;,"National Intellectual Property Administration, Beijing, China;",PLoS One,PLoS,China,Hui Li;Ming Li,,Research Article;,2025-03-05,10.1371/journal.pone.0319596,40043021.0,2020-07-13,10.1371/journal.pone.0234068,32658924.0,Retraction,Author Unresponsive;Concerns/Issues about Peer Review;Compromised Peer Review;Investigation by Journal/Publisher;Unreliable Results and/or Conclusions;,No,
63730,Multi-script handwritten digit recognition using multi-task learning,(B/T) Computer Science;(B/T) Technology;,"Arba Minch University, Faculty of Computing and Software Engineering, Arba Minch, Ethiopia; Information Systems and Machine Learning Lab, Hildesheim, Germany; AMUIT, MOEFDRE under UNDP and MSRDC-MAISM, RTU India; Information Systems and Machine Learning Lab, Hildesheim, Germany;",Journal of Intelligent & Fuzzy Systems,IOS Press (bought by Sage November 2023),Ethiopia;Germany;India,Mesay Samuel Gondere;Lars Schmidt Thieme;Durga Prasad Sharma;Randolf Scholz,https://retractionwatch.com/2024/08/23/exclusive-publisher-retracts-more-than-450-papers-from-journal-it-acquired-last-year/,Research Article;,2024-08-23,10.3233/JIFS-219433,0.0,2022-03-07,10.3233/jifs-212233,0.0,Retraction,Compromised Peer Review;Investigation by Journal/Publisher;Investigation by Third Party;,No,
63660,Big data tracking and automatic measurement technology for unmanned aerial vehicle trajectory based on MEMS sensor,(B/T) Computer Science;(B/T) Data Science;(B/T) Technology;,"Institute of Information Science and Engineering, Dalian Polytechnic University, Dalian, 116034, China;",Soft Computing,Springer - Nature Publishing Group,China,Jun Xing;Xinzhe Wang;Jie Dong,https://retractionwatch.com/2024/11/07/another-springer-nature-journal-has-retracted-over-300-papers-since-july/,Research Article;,2024-10-28,10.1007/s00500-024-10287-z,0.0,2022-03-23,10.1007/s00500-021-06457-y,0.0,Retraction,Concerns/Issues about Article;Concerns/Issues about Referencing/Attributions;Concerns/Issues about Peer Review;Compromised Peer Review;Investigation by Journal/Publisher;Rogue Editor;Unreliable Results and/or Conclusions;,No,
63646,A full freedom pose measurement method for industrial robot based on reinforcement learning algorithm,(B/T) Business - General;(B/T) Computer Science;(B/T) Data Science;(B/T) Technology;(PHY) Engineering - Electrical;(PHY) Engineering - Mechanical;,"Huali College, Guangdong University of Technology, Guangzhou, 511325, China; Guangzhou Huali Science and Technology Vocational College, Guangzhou, 511325, China;",Soft Computing,Springer - Nature Publishing Group,China,Xinghua Lu;Yunsheng Chen;Ziyue Yuan,https://retractionwatch.com/2024/11/07/another-springer-nature-journal-has-retracted-over-300-papers-since-july/,Research Article;,2024-10-28,10.1007/s00500-024-10257-5,0.0,2021-08-29,10.1007/s00500-021-06190-6,0.0,Retraction,Concerns/Issues about Article;Concerns/Issues about Referencing/Attributions;Concerns/Issues about Peer Review;Compromised Peer Review;Investigation by Journal/Publisher;Rogue Editor;Unreliable Results and/or Conclusions;,No,
63468,Machine learning based identification and classification of disorders in human knee joint – computational approach,(B/T) Computer Science;(B/T) Data Science;(B/T) Technology;(HSC) Medicine - Orthopedics;,"School of Computing, SASTRA Deemed University, Tamil Nadu, Thanjavur, India; Department of Information Technology, School of Computing, SASTRA Deemed University, Tamil Nadu, Thanjavur, India;",Soft Computing,Springer - Nature Publishing Group,India,A Balajee;R Venkatesan,https://retractionwatch.com/2024/11/07/another-springer-nature-journal-has-retracted-over-300-papers-since-july/,Research Article;,2024-10-28,10.1007/s00500-024-10276-2,0.0,2021-08-18,10.1007/s00500-021-06134-0,0.0,Retraction,Author Unresponsive;Concerns/Issues about Article;Concerns/Issues about Referencing/Attributions;Concerns/Issues about Peer Review;Investigation by Journal/Publisher;Objections by Author(s);Rogue Editor;Unreliable Results and/or Conclusions;,No,
63461,Multivariate weighted isotonic regressive modest adaptive boosting-based resource-aware routing in WSN,(B/T) Computer Science;(B/T) Data Science;(B/T) Technology;(PHY) Engineering - Electrical;(SOC) Communications;,"SRC, SASTRA Deemed to Be University, Kumbakonam, India; SASTRA Deemed to Be University, Thanjavur, India;",Soft Computing,Springer - Nature Publishing Group,India,N Muruganandam;V Venkatraman;R Venkatesan,https://retractionwatch.com/2024/11/07/another-springer-nature-journal-has-retracted-over-300-papers-since-july/,Research Article;,2024-10-24,10.1007/s00500-024-10241-z,0.0,2022-04-01,10.1007/s00500-022-07016-9,0.0,Retraction,Concerns/Issues about Article;Concerns/Issues about Referencing/Attributions;Concerns/Issues about Peer Review;Investigation by Journal/Publisher;Objections by Author(s);Rogue Editor;Unreliable Results and/or Conclusions;,No,
63457,Dispatching and rebalancing for ride-sharing autonomous mobility-on-demand systems based on a fuzzy multi-criteria approach,(B/T) Computer Science;(B/T) Data Science;(B/T) Technology;(B/T) Transportation;(B/T) Urban Planning;(PHY) Engineering - General;,"Universite de Pau et des Pays de l’Adour, E2S UPPA, LIUPPA, EA3000, Anglet, 64600, France;",Soft Computing,Springer - Nature Publishing Group,France,Rihab Khemiri;Mohamed Naija;Ernesto Exposito,https://retractionwatch.com/2024/11/07/another-springer-nature-journal-has-retracted-over-300-papers-since-july/,Research Article;,2024-10-10,10.1007/s00500-024-10168-5,0.0,2022-09-06,10.1007/s00500-022-07377-1,0.0,Retraction,Author Unresponsive;Concerns/Issues about Article;Concerns/Issues about Referencing/Attributions;Concerns/Issues about Peer Review;Investigation by Journal/Publisher;Rogue Editor;Unreliable Results and/or Conclusions;,No,
63456,Fault location measurement of sensor nodes based on fuzzy control algorithm,(B/T) Computer Science;(B/T) Technology;(SOC) Communications;,"Information and Education Technology Center, Xi’an University of Finance and Economics, Xi’an, 710061, China;",Soft Computing,Springer - Nature Publishing Group,China,Nuo Yu,https://retractionwatch.com/2024/11/07/another-springer-nature-journal-has-retracted-over-300-papers-since-july/,Research Article;,2024-10-28,10.1007/s00500-024-10264-6,0.0,2021-08-21,10.1007/s00500-021-06145-x,0.0,Retraction,Author Unresponsive;Concerns/Issues about Article;Concerns/Issues about Referencing/Attributions;Compromised Peer Review;Investigation by Journal/Publisher;Rogue Editor;Unreliable Results and/or Conclusions;,No,
63373,Cardiac arrhythmia detection using dual-tree wavelet transform and convolutional neural network,(B/T) Computer Science;(B/T) Data Science;(HSC) Medicine - Cardiovascular;,"Sree Vidyanikethan Engineering College, AP, Tirupati, India; GRIET, Hyderabad, India; KG Reddy College of Engineering and Technology, Hyderabad, India; CMR College of Engineering and Technology, Hyderabad, India; GMR Institute of Technology, AP, Rajam, India;",Soft Computing,Springer - Nature Publishing Group,India,K. Reddy Madhavi;Padmavathi Kora;L Venkateswara Reddy;J Avanija;K L S Soujanya;Prabhakar Telagarapu,https://retractionwatch.com/2024/11/07/another-springer-nature-journal-has-retracted-over-300-papers-since-july/,Research Article;,2024-10-24,10.1007/s00500-024-10226-y,0.0,2022-03-05,10.1007/s00500-021-06653-w,0.0,Retraction,Author Unresponsive;Concerns/Issues about Article;Concerns/Issues about Referencing/Attributions;Compromised Peer Review;Investigation by Journal/Publisher;Rogue Editor;Unreliable Results and/or Conclusions;,No,
62975,Securing medical data by role-based user policy with partially homomorphic encryption in AWS cloud,(B/T) Computer Science;(B/T) Data Science;(B/T) Technology;(HSC) Medicine - General;,"Department of CSE, SRM Institute of Science and Technology, Tamil Nadu, Kattankulathur, India;",Soft Computing,Springer - Nature Publishing Group,India,M D Boomija;S V Kasmir Raja,https://retractionwatch.com/2024/11/07/another-springer-nature-journal-has-retracted-over-300-papers-since-july/,Research Article;,2024-07-15,10.1007/s00500-024-09980-w,0.0,2022-03-22,10.1007/s00500-022-06950-y,0.0,Retraction,Author Unresponsive;Concerns/Issues about Article;Concerns/Issues about Referencing/Attributions;Concerns/Issues about Peer Review;Compromised Peer Review;Investigation by Journal/Publisher;Objections by Author(s);Rogue Editor;Unreliable Results and/or Conclusions;,No,
62774,Hybrid high performance intelligent computing approach of CACNN and RNN for skin cancer image grading,(B/T) Computer Science;(B/T) Data Science;(HSC) Medicine - Dermatology;(HSC) Medicine - Oncology;(HSC) Radiology/Imaging;,"Industrial Innovation and Robotics Center, Faculty of Computers and Information Technology, University of Tabuk, Tabuk City, Saudi Arabia;",Soft Computing,Springer - Nature Publishing Group,Saudi Arabia,S Manimurugan,https://retractionwatch.com/2024/11/07/another-springer-nature-journal-has-retracted-over-300-papers-since-july/,Research Article;,2024-07-15,10.1007/s00500-024-09966-8,0.0,2022-03-29,10.1007/s00500-022-06989-x,0.0,Retraction,Author Unresponsive;Concerns/Issues about Referencing/Attributions;Concerns/Issues about Peer Review;Compromised Peer Review;Investigation by Journal/Publisher;Rogue Editor;Unreliable Results and/or Conclusions;,No,
62345,A N-gram based approach to auto-extracting topics from research articles,(B/T) Business - General;(B/T) Computer Science;(B/T) Data Science;(SOC) Communications;,"Institute of Software, Chinese Academy of Sciences, Beijing, China; Institute of Data Science, City University of Macau, Macau, China; Product Development, Ericsson, Gothenburg, Sweden; Department of Computer Science and Engineering, University of Gothenburg, Gothenburg, Sweden; Faculty of Education, University of Malaya, Kuala Lumpur, Malaysia; Applied Psychology Program, BNU-HKBU United International College, China; College of Education for the Future, Beijing Normal University, Zhuhai, PR China;",Journal of Intelligent & Fuzzy Systems,IOS Press (bought by Sage November 2023),China;Malaysia;Sweden,Linkai Zhu;Wennan Wang;Maoyi Huang;Maomao Chen;Yiyun Wang;Zhiming Cai,https://retractionwatch.com/2024/08/23/exclusive-publisher-retracts-more-than-450-papers-from-journal-it-acquired-last-year/,Research Article;,2024-08-23,10.3233/jifs-219433,0.0,2022-09-22,10.3233/jifs-220115,0.0,Retraction,Compromised Peer Review;Investigation by Journal/Publisher;Investigation by Third Party;,No,The retraction notice page was finalized on 12/27/24
57404,Enabling Decentralized and Auditable Access Control for IoT through Blockchain and Smart Contracts,(B/T) Computer Science;(B/T) Technology;,"Elisa Corporation, Helsinki, Finland; European Commission, Joint Research Centre, Ispra 21027, Italy; Odin Solutions, R&D Department, Murcia 30820, Spain; University of Murcia, Department of Information and Communication Engineering, Murcia, Spain; NEC Laboratories Europe, Heidelberg 69115, Germany;",Security and Communication Networks,Hindawi,Finland;Germany;Italy;Spain,Hien Truong;José L. Hernández-Ramos;Juan A. Martinez;Jorge Bernal Bernabe;Wenting Li;Agustin Marin Frutos;Antonio Skarmeta,https://retractionwatch.com/2022/09/28/exclusive-hindawi-and-wiley-to-retract-over-500-papers-linked-to-peer-review-rings/;https://retractionwatch.com/2023/04/05/wiley-and-hindawi-to-retract-1200-more-papers-for-compromised-peer-review/;https://retractionwatch.com/2023/12/19/hindawi-reveals-process-for-retracting-more-than-8000-paper-mill-articles/,Research Article;,2024-01-09,10.1155/2024/9857812,0.0,2022-06-02,10.1155/2022/1828747,0.0,Retraction,Compromised Peer Review;Investigation by Journal/Publisher;Investigation by Third Party;Paper Mill;Unreliable Results and/or Conclusions;,No,
54102,Application of edge computing and GIS in ecological water requirement prediction and optimal allocation of water resources in irrigation area,(B/T) Computer Science;(B/T) Technology;(ENV) Environmental Sciences;(ENV) Ground/Surface Water;,"State Key Laboratory of Eco-hydraulics in Northwest Arid Region, Xi’an University of Technology, Xi’an, 710048, China;",PLoS One,PLoS,China,Yang Li;Jiancang Xie;Rengui Jiang;Dongfei Yan,,Research Article;,2024-06-06,10.1371/journal.pone.0305356,38843148.0,2021-07-29,10.1371/journal.pone.0254547,34324531.0,Retraction,Concerns/Issues about Peer Review;False/Forged Authorship;Investigation by Journal/Publisher;Objections by Author(s);Unreliable Results and/or Conclusions;,No,"Jiancang Xie,Rengui Jiang,and Dongfei Yan are said to not have contributed to the article;"
53995,A security technology of power relay using edge computing,(B/T) Computer Science;(B/T) Technology;(PHY) Engineering - Electrical;,"Key Laboratory of Process Monitoring and System Optimization for Mechanical and Electrical Equipment (Huaqiao University), Fujian Province University, Xiamen City, China;",PLoS One,PLoS,China,Zhongqing Sang;Kai Yang;Rencheng Zhang,,Research Article;,2024-05-08,10.1371/journal.pone.0303618,38718021.0,2021-09-02,10.1371/journal.pone.0253428,34473723.0,Retraction,Concerns/Issues about Peer Review;Investigation by Journal/Publisher;,No,
51281,PBTNet: a new computer-aided diagnosis system for detecting primary brain tumors,(B/T) Computer Science;(B/T) Data Science;(HSC) Medicine - Neurology;(HSC) Medicine - Oncology;,"School of Computing and Mathematical Sciences, University of Leicester, Leicester, United Kingdom; School of Computer Engineering, KIIT Deemed to University, Bhubaneswar, India;",Frontiers in Cell and Developmental Biology,Frontiers,India;United Kingdom,Si-Yuan Lu;Suresh Chandra Satapathy;Shui-Hua Wang;Yu-Dong Zhang,,Research Article;,2024-01-05,10.3389/fcell.2023.1358359,38250326.0,2021-10-15,10.3389/fcell.2021.765654,34722549.0,Retraction,Compromised Peer Review;Investigation by Journal/Publisher;Objections by Author(s);Unreliable Results and/or Conclusions;,No,
